run_dir,timestamp,dataset,variant,motif_rand,motif_dim,seed,test_acc,test_macro_f1,best_val_epoch,total_epochs
20260607_012354_cora_gcn,2026-06-07T01:23:55,cora,gcn,False,0,0,0.7820000648498535,0.7758936482041536,47,98
20260607_012357_cora_gcn,2026-06-07T01:23:57,cora,gcn,False,0,1,0.7890000343322754,0.7792212485385922,11,62
20260607_012352_cora_gcn,2026-06-07T01:23:52,cora,gcn,False,0,42,0.7850000262260437,0.7750585970835011,31,82
20260607_012402_cora_sage,2026-06-07T01:24:02,cora,sage,False,0,0,0.7750000357627869,0.7684389968070062,9,60
20260607_012404_cora_sage,2026-06-07T01:24:04,cora,sage,False,0,1,0.7940000295639038,0.787201111404532,19,70
20260607_012359_cora_sage,2026-06-07T01:24:00,cora,sage,False,0,42,0.7680000066757202,0.7532212644278831,41,92
20260607_012409_cora_gat,2026-06-07T01:24:09,cora,gat,False,0,0,0.8060000538825989,0.8001686373103325,28,79
20260607_012411_cora_gat,2026-06-07T01:24:12,cora,gat,False,0,1,0.800000011920929,0.7941006347503484,6,57
20260607_012406_cora_gat,2026-06-07T01:24:07,cora,gat,False,0,42,0.7930000424385071,0.7895485210796945,6,57
20260607_015917_cora_concat,2026-06-07T01:59:18,cora,concat,False,3,0,0.7680000066757202,0.7636420609580237,20,71
20260607_015919_cora_concat,2026-06-07T01:59:20,cora,concat,False,3,1,0.7680000066757202,0.7585923116799205,57,108
20260607_015915_cora_concat,2026-06-07T01:59:15,cora,concat,False,3,42,0.7990000247955322,0.7844537531311141,16,67
20260607_015924_cora_gate,2026-06-07T01:59:25,cora,gate,False,3,0,0.796000063419342,0.7841665222925663,19,70
20260607_015927_cora_gate,2026-06-07T01:59:28,cora,gate,False,3,1,0.7850000262260437,0.7828553161215351,11,62
20260607_015922_cora_gate,2026-06-07T01:59:23,cora,gate,False,3,42,0.8100000619888306,0.7982575365715766,13,64
20260607_015932_cora_mix,2026-06-07T01:59:33,cora,mix,False,3,0,0.7760000228881836,0.7679318352060351,47,98
20260607_015935_cora_mix,2026-06-07T01:59:35,cora,mix,False,3,1,0.7770000100135803,0.768294997454378,10,61
20260607_015929_cora_mix,2026-06-07T01:59:30,cora,mix,False,3,42,0.7790000438690186,0.7684754001891865,24,75
20260607_021944_cora_rand_concat,2026-06-07T02:19:45,cora,rand_concat,True,3,0,0.784000039100647,0.7763582031923609,52,103
20260607_021947_cora_rand_concat,2026-06-07T02:19:48,cora,rand_concat,True,3,1,0.7830000519752502,0.7698464392227572,59,110
20260607_021942_cora_rand_concat,2026-06-07T02:19:43,cora,rand_concat,True,3,42,0.7890000343322754,0.7802265458101082,12,63
20260607_012544_citeseer_gcn,2026-06-07T01:25:45,citeseer,gcn,False,0,0,0.659000039100647,0.6292034366257029,9,60
20260607_012547_citeseer_gcn,2026-06-07T01:25:47,citeseer,gcn,False,0,1,0.6610000133514404,0.6282013755913302,8,59
20260607_012542_citeseer_gcn,2026-06-07T01:25:42,citeseer,gcn,False,0,42,0.6710000038146973,0.6371771955247983,6,57
20260607_012551_citeseer_sage,2026-06-07T01:25:52,citeseer,sage,False,0,0,0.6370000243186951,0.607198365147994,21,72
20260607_012554_citeseer_sage,2026-06-07T01:25:54,citeseer,sage,False,0,1,0.6800000071525574,0.6366673031739166,16,67
20260607_012549_citeseer_sage,2026-06-07T01:25:50,citeseer,sage,False,0,42,0.6610000133514404,0.6241388189213576,11,62
20260607_012559_citeseer_gat,2026-06-07T01:26:00,citeseer,gat,False,0,0,0.6840000152587891,0.6498215138552925,7,58
20260607_012602_citeseer_gat,2026-06-07T01:26:02,citeseer,gat,False,0,1,0.6700000166893005,0.6406197125849843,7,58
20260607_012556_citeseer_gat,2026-06-07T01:25:57,citeseer,gat,False,0,42,0.6820000410079956,0.6478241370145089,31,82
20260607_015939_citeseer_concat,2026-06-07T01:59:40,citeseer,concat,False,3,0,0.6740000247955322,0.6247838476771731,5,56
20260607_015942_citeseer_concat,2026-06-07T01:59:42,citeseer,concat,False,3,1,0.6520000100135803,0.6166918873633144,4,55
20260607_015937_citeseer_concat,2026-06-07T01:59:38,citeseer,concat,False,3,42,0.6640000343322754,0.6285566560337249,8,59
20260607_015947_citeseer_gate_h128_t07,2026-06-07T01:59:47,citeseer,gate,False,3,0,0.6100000143051147,0.5852927684859234,4,55
20260607_015949_citeseer_gate_h128_t07,2026-06-07T01:59:50,citeseer,gate,False,3,1,0.6650000214576721,0.628219398959828,10,61
20260607_015944_citeseer_gate_h128_t07,2026-06-07T01:59:45,citeseer,gate,False,3,42,0.6700000166893005,0.6351845990564587,14,65
20260607_015954_citeseer_mix,2026-06-07T01:59:55,citeseer,mix,False,3,0,0.6670000553131104,0.6283064305460696,17,68
20260607_015957_citeseer_mix,2026-06-07T01:59:57,citeseer,mix,False,3,1,0.6760000586509705,0.6459475586552449,15,66
20260607_015952_citeseer_mix,2026-06-07T01:59:52,citeseer,mix,False,3,42,0.6830000281333923,0.6499763352816645,7,58
20260607_021952_citeseer_rand_concat,2026-06-07T02:19:52,citeseer,rand_concat,True,3,0,0.6770000457763672,0.64606056513895,12,63
20260607_021954_citeseer_rand_concat,2026-06-07T02:19:55,citeseer,rand_concat,True,3,1,0.6670000553131104,0.6354988164718643,31,82
20260607_021949_citeseer_rand_concat,2026-06-07T02:19:50,citeseer,rand_concat,True,3,42,0.6700000166893005,0.6181844163758617,4,55
20260607_012625_pubmed_gcn,2026-06-07T01:26:25,pubmed,gcn,False,0,0,0.7660000324249268,0.7629383735490359,30,81
20260607_012627_pubmed_gcn,2026-06-07T01:26:28,pubmed,gcn,False,0,1,0.7470000386238098,0.747928223584292,73,124
20260607_012622_pubmed_gcn,2026-06-07T01:26:23,pubmed,gcn,False,0,42,0.7450000643730164,0.7430981748808803,106,157
20260607_012632_pubmed_sage,2026-06-07T01:26:33,pubmed,sage,False,0,0,0.7460000514984131,0.7443078227146463,30,81
20260607_012635_pubmed_sage,2026-06-07T01:26:36,pubmed,sage,False,0,1,0.7400000095367432,0.738013095209361,88,139
20260607_012630_pubmed_sage,2026-06-07T01:26:30,pubmed,sage,False,0,42,0.7300000190734863,0.7285803523666546,8,59
20260607_020002_pubmed_concat,2026-06-07T02:00:03,pubmed,concat,False,3,0,0.7610000371932983,0.7662184273522041,16,67
20260607_020004_pubmed_concat,2026-06-07T02:00:05,pubmed,concat,False,3,1,0.7610000371932983,0.7625263820465428,29,80
20260607_015959_pubmed_concat,2026-06-07T02:00:00,pubmed,concat,False,3,42,0.7590000629425049,0.7607454469835059,66,117
20260607_020010_pubmed_gate,2026-06-07T02:00:11,pubmed,gate,False,3,0,0.7410000562667847,0.740527251597833,45,96
20260607_020013_pubmed_gate,2026-06-07T02:00:14,pubmed,gate,False,3,1,0.7450000643730164,0.747848142658104,40,91
20260607_020007_pubmed_gate,2026-06-07T02:00:08,pubmed,gate,False,3,42,0.7510000467300415,0.7516993418991978,55,106
20260607_020018_pubmed_mix,2026-06-07T02:00:19,pubmed,mix,False,3,0,0.753000020980835,0.7518908424347063,30,81
20260607_020021_pubmed_mix,2026-06-07T02:00:22,pubmed,mix,False,3,1,0.7450000643730164,0.7451917354740418,51,102
20260607_020015_pubmed_mix,2026-06-07T02:00:16,pubmed,mix,False,3,42,0.7350000143051147,0.7333214319501585,80,131
20260607_021959_pubmed_rand_concat,2026-06-07T02:20:00,pubmed,rand_concat,True,3,0,0.7310000061988831,0.7329355691990397,51,102
20260607_022002_pubmed_rand_concat,2026-06-07T02:20:03,pubmed,rand_concat,True,3,1,0.7200000286102295,0.7237694120905441,62,113
20260607_021957_pubmed_rand_concat,2026-06-07T02:19:57,pubmed,rand_concat,True,3,42,0.7310000061988831,0.7255469216846432,34,85
20260607_014559_proteins_gcn,2026-06-07T01:46:04,proteins,gcn,False,0,0,0.6801801919937134,0.6558740693841015,7,58
20260607_014606_proteins_gcn,2026-06-07T01:46:12,proteins,gcn,False,0,1,0.684684693813324,0.6348684210526315,32,83
20260607_014551_proteins_gcn,2026-06-07T01:45:57,proteins,gcn,False,0,42,0.7207207083702087,0.6765977443609024,25,76
20260607_020039_proteins_concat,2026-06-07T02:00:45,proteins,concat,False,3,0,0.707207202911377,0.6849551339431915,14,65
20260607_020047_proteins_concat,2026-06-07T02:00:52,proteins,concat,False,3,1,0.7522522807121277,0.7320194017075259,18,69
20260607_020031_proteins_concat,2026-06-07T02:00:37,proteins,concat,False,3,42,0.7252252101898193,0.6853843830588017,27,78
20260607_020107_proteins_gate,2026-06-07T02:01:16,proteins,gate,False,3,0,0.7252252101898193,0.6976894742716822,37,88
20260607_020117_proteins_gate,2026-06-07T02:01:29,proteins,gate,False,3,1,0.6936936974525452,0.6598774333093006,59,110
20260607_020054_proteins_gate,2026-06-07T02:01:05,proteins,gate,False,3,42,0.7207207083702087,0.6898882480173036,58,109
20260607_020139_proteins_mix,2026-06-07T02:01:47,proteins,mix,False,3,0,0.7117117047309875,0.6837606837606838,29,80
20260607_020148_proteins_mix,2026-06-07T02:01:57,proteins,mix,False,3,1,0.6936936974525452,0.6479805988247365,46,97
20260607_020130_proteins_mix,2026-06-07T02:01:38,proteins,mix,False,3,42,0.7117117047309875,0.6686876224232814,29,80
20260607_022012_proteins_rand_concat,2026-06-07T02:20:19,proteins,rand_concat,True,3,0,0.6486486196517944,0.6209613869188338,29,80
20260607_022020_proteins_rand_concat,2026-06-07T02:20:28,proteins,rand_concat,True,3,1,0.6576576828956604,0.6094444444444443,41,92
20260607_022004_proteins_rand_concat,2026-06-07T02:20:10,proteins,rand_concat,True,3,42,0.6531531810760498,0.5902193455591513,22,73
20260607_014654_nci1_gcn,2026-06-07T01:47:20,nci1,gcn,False,0,0,0.6630170345306396,0.6617148256604312,43,94
20260607_014722_nci1_gcn,2026-06-07T01:47:54,nci1,gcn,False,0,1,0.6812652349472046,0.6809932633000941,63,114
20260607_014614_nci1_gcn,2026-06-07T01:46:52,nci1,gcn,False,0,42,0.6763990521430969,0.6763051305130513,84,135
20260607_020258_nci1_concat,2026-06-07T02:03:39,nci1,concat,False,3,0,0.7238442897796631,0.7234509569112065,95,146
20260607_020341_nci1_concat,2026-06-07T02:04:26,nci1,concat,False,3,1,0.7177615761756897,0.7172778594810001,108,159
20260607_020159_nci1_concat,2026-06-07T02:02:56,nci1,concat,False,3,42,0.7518247961997986,0.7516130752412947,196,200
20260607_020505_nci1_gate,2026-06-07T02:05:58,nci1,gate,False,3,0,0.6800486445426941,0.6800103019080732,108,159
20260607_020600_nci1_gate,2026-06-07T02:06:31,nci1,gate,False,3,1,0.698296844959259,0.6968900361015125,43,94
20260607_020428_nci1_gate,2026-06-07T02:05:03,nci1,gate,False,3,42,0.698296844959259,0.6973490427098674,51,102
20260607_020737_nci1_mix,2026-06-07T02:08:39,nci1,mix,False,3,0,0.6922141313552856,0.6912045732952226,191,200
20260607_020841_nci1_mix,2026-06-07T02:09:43,nci1,mix,False,3,1,0.687347948551178,0.6871029615421644,160,200
20260607_020633_nci1_mix,2026-06-07T02:07:36,nci1,mix,False,3,42,0.6922141313552856,0.6921115863435086,158,200
20260607_022117_nci1_rand_concat,2026-06-07T02:21:37,nci1,rand_concat,True,3,0,0.6532846689224243,0.6518372654653539,20,71
20260607_022139_nci1_rand_concat,2026-06-07T02:22:17,nci1,rand_concat,True,3,1,0.669099748134613,0.6665413870246085,85,136
20260607_022030_nci1_rand_concat,2026-06-07T02:21:15,nci1,rand_concat,True,3,42,0.6715328693389893,0.6710342987578928,110,161
20260607_014803_enzymes_gcn,2026-06-07T01:48:05,enzymes,gcn,False,0,0,0.21666666865348816,0.181424181574784,11,62
20260607_014807_enzymes_gcn,2026-06-07T01:48:12,enzymes,gcn,False,0,1,0.30000001192092896,0.2886791336791337,53,104
20260607_014756_enzymes_gcn,2026-06-07T01:48:01,enzymes,gcn,False,0,42,0.2750000059604645,0.24611243355951518,65,116
20260607_020950_enzymes_concat,2026-06-07T02:09:58,enzymes,concat,False,3,0,0.2916666567325592,0.2819086433758395,122,173
20260607_021000_enzymes_concat,2026-06-07T02:10:07,enzymes,concat,False,3,1,0.34166666865348816,0.3236825266237031,124,175
20260607_020945_enzymes_concat,2026-06-07T02:09:49,enzymes,concat,False,3,42,0.30000001192092896,0.2853065616832987,39,90
20260607_021016_enzymes_gate,2026-06-07T02:10:23,enzymes,gate,False,3,0,0.32499998807907104,0.26993049799836405,71,122
20260607_021025_enzymes_gate,2026-06-07T02:10:30,enzymes,gate,False,3,1,0.3166666626930237,0.2648194345450226,61,112
20260607_021009_enzymes_gate,2026-06-07T02:10:14,enzymes,gate,False,3,42,0.28333333134651184,0.284069298962916,49,100
20260607_021040_enzymes_mix,2026-06-07T02:10:44,enzymes,mix,False,3,0,0.3083333373069763,0.29078132797644995,29,80
20260607_021046_enzymes_mix,2026-06-07T02:10:54,enzymes,mix,False,3,1,0.3083333373069763,0.28785585138481345,130,181
20260607_021032_enzymes_mix,2026-06-07T02:10:38,enzymes,mix,False,3,42,0.24166665971279144,0.220591968213084,73,124
20260607_022224_enzymes_rand_concat,2026-06-07T02:22:29,enzymes,rand_concat,True,3,0,0.28333333134651184,0.2629494600520106,40,91
20260607_022230_enzymes_rand_concat,2026-06-07T02:22:34,enzymes,rand_concat,True,3,1,0.3333333432674408,0.3031977600943118,43,94
20260607_022219_enzymes_rand_concat,2026-06-07T02:22:23,enzymes,rand_concat,True,3,42,0.20000000298023224,0.19838828222116278,35,86
20260610_193118_cora_gin,2026-06-10T19:31:19,cora,gin,False,0,42,0.8030000329017639,0.7982152055757527,19,70
